PC4,OBJECTID,Aantal_adr,Aantal_mul,SHAPE_Leng,SHAPE_Area,GM_NAAM,A_VAC,INWONER,MAN,VROUW,INW_014,INW_1524,INW_2544,INW_4564,INW_65PL,P_NL_ACHTG,P_WE_MIG_A,P_NW_MIG_A,AANTAL_HH,TOTHH_EENP,TOTHH_MPZK,HH_EENOUD,HH_TWEEOUD,GEM_HH_GR,WONING,WONVOOR45,WON_4564,WON_6574,WON_7584,WON_8594,WON_9504,WON_0514,WON_1524,WON_MRGEZ,P_KOOPWON,P_HUURWON,WON_HCORP,WON_NBEW,WOZWONING,UITKMINAOW,OAD,STED,ZORGINSTELLING,INW_ZORG,P_VAC,P_ZORG,P_65PL,P_4564,P_2544,P_1524,P_VROUW,P_UITKMINAOW,pred,diffLM,diffLM_inv,Id,pc4_z,pc4_bins
4251,1401,5267,1,0.795109836042763,0.008388959349819,Altena,2270,11295,5645,5645,2235,1540,2535,2885,2105,90,0,0,4265,1200,1280,220,1550,2.6,4340,630,715,735,750,590,525,320,80,625,60,40,1265,140,254,505,924,4,0,0,20.0973882248783,0,18.6365648517043,25.5422753430722,22.4435590969456,13.6343514829571,49.9778663125277,4.47100486941124,24.0469870511726,3.95,-3.95,1,1.26560497375408,6
4254,1402,2759,1,0.177596025728804,0.001266065064949,Altena,1700,5750,2865,2885,960,655,1245,1600,1290,90,0,0,2340,615,815,110,795,2.4,2360,240,340,480,350,310,265,200,175,265,80,20,465,50,286,255,619,4,1,30,29.5652173913044,0.521739130434783,22.4347826086957,27.8260869565217,21.6521739130435,11.3913043478261,50.1739130434783,4.43478260869565,27.7099579132303,-1.86,1.86,2,-0.682067808683144,3
4255,1403,1759,1,0.226405906931332,0.001396583052862,Altena,1099,3670,1865,1805,580,395,890,1075,725,90,0,0,1560,450,515,80,510,2.3,1595,315,270,250,260,155,135,105,105,130,60,40,525,30,251,185,383,5,0,0,29.9455040871935,0,19.7547683923706,29.291553133515,24.2506811989101,10.7629427792916,49.1825613079019,5.04087193460491,26.265402887996,-3.68,3.68,3,-1.29218217426589,3
4261,1404,2881,1,0.305729400038969,0.002328663732698,Altena,1177,6545,3290,3260,1250,905,1460,1740,1190,90,10,0,2430,645,720,135,920,2.6,2480,325,345,280,385,265,330,440,115,460,70,30,505,130,280,285,577,4,0,0,17.9831932773109,0,18.1818181818182,26.585179526356,22.3071046600458,13.8273491214668,49.8090145148969,4.35446906035141,23.878518833033,5.9,-5.9,4,1.91929893687845,7
4264,1405,1471,1,0.102368166490255,0.000404380744299,Altena,420,2915,1525,1390,590,375,800,720,435,90,10,0,1160,365,310,60,425,2.5,1140,145,140,150,110,140,190,175,90,135,70,30,215,105,272,135,345,5,1,55,14.4082332761578,1.88679245283019,14.9228130360206,24.6998284734134,27.4442538593482,12.8644939965695,47.6843910806175,4.63121783876501,21.3417739371472,6.93,-6.93,5,2.26458344047747,8
4265,1406,737,1,0.174671778928006,0.000611025804468,Altena,433,1725,880,845,290,225,380,510,320,100,0,0,675,170,205,35,260,2.5,670,80,155,135,80,85,40,85,,50,80,20,100,15,277,75,199,5,1,125,25.1014492753623,7.2463768115942,18.5507246376812,29.5652173913044,22.0289855072464,13.0434782608696,48.9855072463768,4.34782608695652,24.9395114451379,-0.16,0.16,6,-0.112180763908053,4
4266,1407,416,1,0.158461242960121,0.000778583828604,Altena,205,835,425,410,130,95,205,245,155,90,0,0,350,90,130,20,115,2.4,355,25,75,75,45,30,25,70,15,10,70,30,60,10,272,45,115,5,0,0,24.5508982035928,0,18.562874251497,29.3413173652695,24.5508982035928,11.377245508982,49.1017964071856,5.38922155688623,25.2640605557851,0.71,-0.71,7,0.179467311947434,5
4267,1408,186,1,0.169064012001112,0.000841705872584,Altena,111,410,215,195,65,40,75,160,75,90,10,,165,40,60,5,60,2.5,165,15,75,10,20,10,15,10,5,,90,10,15,5,342,15,42,5,0,0,27.0731707317073,0,18.2926829268293,39.0243902439024,18.2926829268293,9.75609756097561,47.5609756097561,3.65853658536585,28.3057513897154,1.23,-1.23,8,0.353785702113933,5
4268,1409,307,1,0.141128575188888,0.000615694653328,Altena,160,710,370,340,115,90,145,225,140,100,0,0,275,60,110,10,95,2.6,285,25,85,80,30,25,20,10,,10,80,20,40,10,263,30,89,5,0,0,22.5352112676056,0,19.7183098591549,31.6901408450704,20.4225352112676,12.6760563380282,47.887323943662,4.22535211267606,26.3524723799419,3.82,-3.82,9,1.22202537621245,6
4269,1410,175,1,0.222116802822835,0.001188603520644,Altena,115,415,210,205,75,50,85,120,85,100,0,,155,30,60,5,60,2.7,160,60,35,10,20,10,5,15,5,,90,10,5,10,345,10,32,5,0,0,27.710843373494,0,20.4819277108434,28.9156626506024,20.4819277108434,12.0481927710843,49.3975903614458,2.40963855421687,26.6452693698912,-1.07,1.07,10,-0.417237946699426,4
4271,1411,1217,1,0.269707747556246,0.00187969691273,Altena,760,2470,1250,1220,390,255,560,705,560,90,0,0,1035,280,370,50,330,2.4,1045,185,185,200,205,80,70,95,30,70,70,30,240,40,279,140,246,5,1,45,30.7692307692308,1.82186234817814,22.6720647773279,28.5425101214575,22.6720647773279,10.3238866396761,49.3927125506073,5.66801619433198,28.2744489804954,-2.49,2.49,11,-0.893261242923325,3
4273,1412,2220,1,0.360804404787903,0.003180067126813,Altena,1361,4305,2190,2115,630,480,885,1390,920,90,10,0,1840,475,700,130,520,2.3,1645,195,250,320,310,230,175,85,70,155,70,30,415,60,259,270,376,5,0,0,31.6144018583043,0,21.3704994192799,32.288037166086,20.5574912891986,11.1498257839721,49.1289198606272,6.27177700348432,28.0586765220025,-3.56,3.56,12,-1.25195485345824,3
4281,1413,1147,1,0.17835921689544,0.000884240972606,Altena,623,2465,1265,1205,445,285,565,690,480,90,10,0,950,235,305,50,355,2.5,985,125,165,245,170,105,60,75,40,55,70,30,205,60,277,120,271,5,1,35,25.2738336713996,1.41987829614604,19.47261663286,27.9918864097363,22.920892494929,11.5618661257607,48.8843813387424,4.86815415821501,25.7580203021547,0.48,-0.48,13,0.102364947066099,5
4283,1414,890,1,0.144190029007644,0.000622959787222,Altena,433,1625,840,780,310,165,395,440,315,90,10,0,645,170,205,35,230,2.5,630,45,125,210,65,85,35,25,40,70,70,30,130,15,246,85,280,5,0,0,26.6461538461539,0,19.3846153846154,27.0769230769231,24.3076923076923,10.1538461538462,48,5.23076923076923,25.9850878200345,-0.66,0.66,14,-0.279794600606609,4
4284,1415,824,1,0.14736163109292,0.000503511346232,Altena,517,1830,915,915,320,210,415,500,390,90,10,0,740,180,265,40,255,2.5,750,90,130,145,80,30,150,75,45,55,60,40,240,30,271,90,294,5,0,0,28.2513661202186,0,21.3114754098361,27.3224043715847,22.6775956284153,11.4754098360656,50,4.91803278688525,26.7884163727999,-1.46,1.46,15,-0.547976739324299,4
4285,1416,2248,1,0.149375958637694,0.0009846793466,Altena,1444,4675,2295,2380,720,535,970,1440,1010,90,10,0,2005,570,700,150,575,2.3,2005,280,285,295,300,255,225,295,65,330,70,30,615,45,270,255,525,4,1,145,30.8877005347594,3.10160427807487,21.6042780748663,30.8021390374332,20.7486631016043,11.4438502673797,50.9090909090909,5.45454545454545,27.8044316040179,-3.08,3.08,16,-1.09104557022762,3
4286,1417,1671,1,0.321288873624937,0.002855355820866,Altena,949,3700,1805,1895,585,415,850,1080,770,90,0,0,1525,450,490,90,495,2.4,1550,240,190,200,375,155,175,120,100,170,70,30,440,45,284,195,301,5,1,60,25.6486486486487,1.62162162162162,20.8108108108108,29.1891891891892,22.972972972973,11.2162162162162,51.2162162162162,5.27027027027027,26.8538767156814,1.21,-1.21,17,0.347081148645991,5
4287,1418,114,1,0.073007122179669,0.000171869806537,Altena,61,275,135,135,60,30,75,65,45,100,0,,100,20,35,,45,2.7,100,15,25,15,10,20,,5,10,,90,10,,,300,5,59,5,0,0,22.1818181818182,0,16.3636363636364,23.6363636363636,27.2727272727273,10.9090909090909,49.0909090909091,1.81818181818182,22.9188854571897,0.74,-0.74,18,0.189524142149348,5
4288,1419,145,1,0.139188463493545,0.000673854802276,Altena,88,345,175,170,50,45,60,120,70,100,0,,135,25,55,10,45,2.6,135,40,30,15,25,10,20,,,,80,20,20,5,351,10,68,5,0,0,25.5072463768116,0,20.2898550724638,34.7826086956522,17.3913043478261,13.0434782608696,49.2753623188406,2.89855072463768,27.465083167136,1.96,-1.96,19,0.598501903693825,5
4611,1565,6132,1,0.07344101917535,0.000199983192016,Bergen op Zoom,2520,9210,4595,4615,875,945,2460,2730,2200,80,10,10,5015,2540,1480,290,690,1.8,5200,2455,95,135,1270,355,210,265,420,2975,50,50,1470,360,215,910,2891,1,1,335,27.3615635179153,3.63735070575462,23.8870792616721,29.6416938110749,26.7100977198697,10.2605863192182,50.1085776330076,9.88056460369164,28.5207579426334,1.16,-1.16,20,0.330319764976135,5
4612,1566,569,2,0.184454186488732,0.001101784952519,Bergen op Zoom,36,220,115,105,30,30,45,80,45,90,10,,80,15,30,5,30,2.7,35,,,,10,10,10,,,,70,30,,,,10,745,4,0,0,16.3636363636364,0,20.4545454545455,36.3636363636364,20.4545454545455,13.6363636363636,47.7272727272727,4.54545454545455,27.0410823880612,10.68,-10.68,21,3.52168721571664,8
4613,1567,1825,1,0.060133802050733,0.000145445759401,Bergen op Zoom,900,3810,1875,1935,615,410,930,1230,630,70,10,10,1715,545,585,140,440,2.2,1675,320,35,10,925,360,10,5,,305,60,40,600,30,230,400,1895,2,1,195,23.6220472440945,5.11811023622047,16.5354330708661,32.2834645669291,24.4094488188976,10.761154855643,50.7874015748032,10.498687664042,24.8485181532786,1.23,-1.23,22,0.353785702113933,5
4614,1568,3327,2,0.293501090299248,0.001342347710669,Bergen op Zoom,2019,7115,3550,3565,1030,675,1625,1995,1790,80,10,10,3090,945,1090,230,815,2.2,3070,265,405,320,1235,685,145,10,,490,70,30,520,70,239,605,1614,2,1,215,28.3766690091356,3.02178496134926,25.1581166549543,28.0393534785664,22.8390723822909,9.48699929725931,50.1054111033029,8.50316233309909,29.9749197967522,1.6,-1.6,23,0.477819941270864,5
4615,1569,2864,1,0.088693032681215,0.000165956075317,Bergen op Zoom,1548,5450,2720,2730,745,540,1220,1535,1410,70,10,20,2575,985,815,205,560,2.1,2695,625,535,235,350,160,290,405,95,915,50,50,1130,195,201,615,2470,2,1,200,28.4036697247706,3.6697247706422,25.8715596330275,28.1651376146789,22.3853211009174,9.90825688073395,50.0917431192661,11.2844036697248,30.2845226604438,1.88,-1.88,24,0.571683689822056,5
4616,1570,508,1,0.047678148337584,9.2943522531e-05,Bergen op Zoom,204,720,365,355,170,45,295,110,100,70,10,10,290,65,100,10,115,2.5,290,,,,,,,165,125,110,60,40,70,10,271,35,1875,2,0,0,28.3333333333333,0,13.8888888888889,15.2777777777778,40.9722222222222,6.25,49.3055555555556,4.86111111111111,20.1587470619813,-8.17,8.17,25,-2.79735442781892,1
4617,1571,3215,1,0.214093181380586,0.001620756409154,Bergen op Zoom,2191,7540,3675,3865,1110,955,1335,2600,1545,80,10,10,3145,780,1110,175,1075,2.4,3140,,,,,1125,1830,165,15,930,70,30,430,60,286,380,1135,3,1,165,29.0583554376658,2.18832891246684,20.4907161803714,34.4827586206897,17.7055702917772,12.6657824933687,51.2599469496021,5.03978779840849,27.6556005257166,-1.4,1.4,26,-0.527863078920472,4
4621,1572,2209,1,0.040841762131007,8.6713069741e-05,Bergen op Zoom,755,4585,2295,2290,855,605,1245,1250,630,40,10,50,2085,860,460,235,510,2.2,2220,325,1125,120,80,200,10,5,350,790,40,60,1305,225,168,755,2950,1,1,95,16.4667393675027,2.07197382769902,13.7404580152672,27.2628135223555,27.1537622682661,13.1952017448201,49.9454743729553,16.4667393675027,20.948452480923,4.48,-4.48,27,1.44327564065455,6
4622,1573,286,1,0.143409108959533,0.000474099242719,Bergen op Zoom,112,475,250,230,60,65,110,145,95,80,10,10,200,65,60,15,60,2.3,185,45,40,55,10,5,10,15,,35,70,30,20,15,293,45,1612,2,1,10,23.5789473684211,2.10526315789474,20,30.5263157894737,23.1578947368421,13.6842105263158,48.421052631579,9.47368421052632,25.4450045285361,1.87,-1.87,28,0.568331413088085,5
4623,1574,1812,1,0.171963394444839,0.000780308825698,Bergen op Zoom,933,4045,1960,2085,745,465,955,1040,840,50,10,40,1815,675,470,200,455,2.2,1770,35,15,1465,150,,100,,,775,50,50,845,35,189,545,1745,2,1,70,23.0655129789864,1.73053152039555,20.7663782447466,25.7107540173053,23.6093943139679,11.495673671199,51.5451174289246,13.4734239802225,26.0745319418822,3.01,-3.01,29,0.950490960760793,6
4624,1575,3220,1,0.214000481561845,0.001162170043016,Bergen op Zoom,1634,6585,3180,3400,1045,770,1495,1745,1530,60,10,30,2985,1115,880,245,720,2.2,3060,280,625,1250,415,15,5,285,185,1180,50,50,1410,135,194,755,2252,2,1,165,24.8139711465452,2.50569476082005,23.2346241457859,26.4996203492787,22.703113135915,11.6932422171602,51.6324981017464,11.4654517843584,27.6633125246539,2.85,-2.85,30,0.896854533017255,6
4625,1576,1519,1,0.139075413330585,0.000552815635322,Bergen op Zoom,768,3385,1700,1685,590,415,810,990,580,70,10,20,1445,420,440,140,435,2.3,1445,340,100,455,255,10,75,145,65,150,60,40,485,60,233,330,967,4,1,75,22.6883308714919,2.21565731166913,17.1344165435746,29.2466765140325,23.9290989660266,12.2599704579025,49.7784342688331,9.74889217134417,24.1310683883839,1.44,-1.44,31,0.424183513527326,5
4631,1577,5584,1,0.285051989415227,0.002678793926427,Woensdrecht,2768,9390,4645,4745,1410,1010,2000,2750,2220,80,10,0,4080,1155,1430,295,1190,2.3,4195,185,945,920,665,490,305,555,125,525,70,30,1090,170,247,540,888,4,1,210,29.4781682641108,2.23642172523962,23.6421725239617,29.2864749733759,21.2992545260916,10.7561235356763,50.5324813631523,5.75079872204473,28.9663210802584,-0.51,0.51,32,-0.229510449597043,4
4634,1578,706,1,0.276876874939577,0.002410089229166,Woensdrecht,437,1480,755,725,195,170,260,535,315,80,10,0,660,180,250,45,175,2.2,650,60,180,120,25,180,45,35,,30,70,30,160,15,282,110,471,5,1,80,29.527027027027,5.40540540540541,21.2837837837838,36.1486486486487,17.5675675675676,11.4864864864865,48.9864864864865,7.43243243243243,28.9175587015398,-0.61,0.61,33,-0.263033216936754,4
4635,1579,1138,1,0.230717096943073,0.001294870384176,Woensdrecht,673,2100,1075,1025,245,235,355,730,540,90,10,0,905,240,365,50,250,2.3,895,80,115,270,110,140,135,35,15,95,80,20,100,40,294,105,259,5,1,170,32.047619047619,8.0952380952381,25.7142857142857,34.7619047619048,16.9047619047619,11.1904761904762,48.8095238095238,5,31.4862988895507,-0.56,0.56,34,-0.246271833266898,4
4641,1580,2793,1,0.331541904063435,0.003927799369046,Woensdrecht,1532,5145,2625,2525,695,540,1060,1565,1290,80,20,0,2240,635,870,110,620,2.2,2335,495,365,605,230,330,210,90,10,240,80,20,250,170,260,265,517,4,1,120,29.77648202138,2.33236151603499,25.0728862973761,30.4178814382896,20.6025267249757,10.4956268221574,49.0767735665695,5.15063168124393,30.18623938057,0.41,-0.41,35,0.0788990099283007,5
4645,1581,2315,1,0.247335810343209,0.002297188876279,Woensdrecht,1034,3760,1880,1875,470,355,815,1155,960,50,40,0,1735,570,615,115,435,2.1,1790,200,230,580,360,205,105,75,35,240,70,20,270,145,239,235,560,4,0,0,27.5,0,25.531914893617,30.718085106383,21.6755319148936,9.44148936170213,49.8670212765958,6.25,30.8003798064343,3.3,-3.3,36,1.04770698604596,6
4651,1582,6093,1,0.451885673945933,0.005085765883555,Steenbergen,3618,12970,6565,6400,1690,1495,3065,3820,2895,80,10,0,6270,2550,1930,350,1415,2,5470,660,1000,955,885,1035,420,395,115,985,70,30,1260,245,224,810,924,4,1,60,27.8951426368543,0.46260601387818,22.3207401696222,29.4525828835775,23.6314572089437,11.526599845798,49.3446414803393,6.24518118735544,27.5132592957206,-0.38,0.38,37,-0.185930852055418,4
4652,1583,221,3,0.044255270125551,3.2939296723e-05,Steenbergen,149,410,205,205,60,50,110,110,75,90,10,0,165,25,65,5,65,2.5,170,,,,,,70,40,60,25,80,20,10,10,294,15,1093,3,0,0,36.3414634146342,0,18.2926829268293,26.8292682926829,26.8292682926829,12.1951219512195,50,3.65853658536585,23.9956427309543,-12.35,12.35,38,-4.19860610261885,1
4655,1584,336,1,0.348183895094263,0.002743792309166,Steenbergen,175,745,395,350,115,75,160,260,135,90,10,0,315,90,115,15,95,2.4,300,120,50,25,55,15,20,5,5,10,80,20,30,20,241,45,41,5,0,0,23.489932885906,0,18.1208053691275,34.8993288590604,21.4765100671141,10.0671140939597,46.9798657718121,6.04026845637584,26.9346610548647,3.44,-3.44,39,1.09463886032155,6
4661,1585,5771,1,0.236066647805456,0.002119540417195,Bergen op Zoom,3485,12445,6215,6230,1945,1325,2545,3850,2780,90,10,0,5170,1370,1820,325,1650,2.3,5250,430,920,1245,810,690,375,685,95,635,70,30,1175,165,273,870,962,4,1,395,28.0032141422258,3.17396544797107,22.3382884692648,30.9361189232624,20.4499799116111,10.6468461229409,50.0602651667336,6.99075934110084,28.6536282115964,0.65,-0.65,40,0.159353651543608,5
4664,1586,884,1,0.182085420302424,0.0014619317192,Bergen op Zoom,551,1915,975,940,220,200,345,665,475,90,10,0,830,220,325,55,230,2.2,845,160,145,165,180,110,40,30,20,35,70,30,220,25,269,135,235,5,1,110,28.7728459530026,5.74412532637076,24.8041775456919,34.7258485639687,18.0156657963447,10.443864229765,49.0861618798956,7.04960835509138,31.119899660031,2.35,-2.35,41,0.729240696318699,6
4671,1587,2788,1,0.626010887184978,0.006508966257519,Steenbergen,1524,5690,2905,2785,875,565,1235,1780,1235,90,10,10,2490,745,855,160,725,2.3,2495,405,335,490,560,265,205,150,85,280,60,40,805,75,217,420,684,4,0,0,26.7838312829526,0,21.7047451669596,31.2829525483304,21.7047451669596,9.92970123022847,48.9455184534271,7.38137082601054,28.4672710957224,1.68,-1.68,42,0.504638155142633,5
4681,1589,1161,1,0.233152402994126,0.002246078951659,Steenbergen,676,2255,1175,1080,270,260,460,760,505,90,10,0,1000,280,395,60,260,2.2,1010,135,190,205,170,125,65,45,70,65,80,20,185,45,218,155,269,5,0,0,29.9778270509978,0,22.3946784922395,33.7028824833703,20.3991130820399,11.529933481153,47.8935698447894,6.87361419068736,28.7126498096137,-1.27,1.27,43,-0.484283481378848,4
4701,1597,4551,2,0.057741235249399,0.000165917008949,Roosendaal,1884,6305,3185,3120,555,655,1795,1745,1560,70,20,10,3755,2055,1035,215,425,1.7,3685,1345,540,140,280,405,560,325,85,2255,50,50,815,270,195,555,2901,1,1,100,29.8810467882633,1.58604282315623,24.7422680412371,27.6764472640761,28.4694686756542,10.3885804916733,49.4845360824742,8.80253766851705,28.3748825774585,-1.51,1.51,44,-0.564738122994155,4
4702,1598,6557,1,0.1280877714492,0.000383669352837,Roosendaal,2819,13185,6615,6570,2145,1580,3535,3615,2315,60,10,20,6240,2540,1625,565,1470,2.1,6100,1755,2310,590,305,140,490,480,35,1585,50,50,2485,230,183,1510,2116,2,1,10,21.3803564656807,0.0758437618505878,17.5578308684111,27.4175199089875,26.8107698141828,11.9833143723929,49.8293515358362,11.4524080394388,23.7623166973508,2.38,-2.38,45,0.739297526520612,6
4703,1599,4496,1,0.193742789541022,0.00137567289966,Roosendaal,1698,7435,3745,3690,1030,850,2045,1935,1575,60,20,20,3790,1835,955,270,695,1.9,3805,470,2165,290,55,235,385,115,90,1815,50,50,1345,220,165,850,1908,2,1,20,22.8379287155346,0.268997982515131,21.1835911230666,26.0255548083389,27.5050437121722,11.4324142568931,49.6301277740417,11.4324142568931,25.7678598107351,2.93,-2.93,46,0.923672746889024,6
4704,1600,599,1,0.130490149937847,0.000557887638933,Roosendaal,20,85,55,35,10,10,15,35,20,80,20,10,35,5,20,5,5,2.4,50,35,5,,,,,,,,60,40,,15,230,10,390,5,0,0,23.5294117647059,0,23.5294117647059,41.1764705882353,17.6470588235294,11.7647058823529,41.1764705882353,11.7647058823529,30.8256810765063,7.3,-7.3,47,2.3886176796344,8
4705,1601,401,1,0.138238686581347,0.000447277038667,Roosendaal,92,325,175,150,30,45,55,120,70,90,10,0,140,30,55,5,45,2.3,140,60,15,20,10,15,15,,,,90,10,,15,318,20,589,4,0,0,28.3076923076923,0,21.5384615384615,36.9230769230769,16.9230769230769,13.8461538461538,46.1538461538462,6.15384615384615,28.2155699604182,-0.09,0.09,48,-0.0887148267702554,4
4706,1602,5231,1,0.157774254432488,0.000944500536066,Roosendaal,3072,11315,5550,5765,1860,1265,2255,3430,2505,80,10,10,4645,1200,1640,370,1425,2.4,4780,95,40,265,3245,175,450,500,15,250,70,30,1225,105,263,855,1326,3,0,0,27.1498011489174,0,22.1387538665488,30.3137428192665,19.9292973928414,11.1798497569598,50.9500662836942,7.55634114007954,28.2871336555959,1.14,-1.14,49,0.323615211508193,5
4707,1603,7838,1,0.163747359571241,0.001131835271289,Roosendaal,4723,16200,7865,8335,2500,1845,3390,4275,4190,70,10,20,7270,2565,2275,645,1755,2.2,7560,65,15,4000,1445,990,290,705,50,1960,50,50,2780,295,201,1415,2025,2,1,75,29.1543209876543,0.462962962962963,25.8641975308642,26.3888888888889,20.9259259259259,11.3888888888889,51.4506172839506,8.73456790123457,29.5747303246003,0.42,-0.42,50,0.0822512866622719,5
4708,1604,5235,1,0.136471832072647,0.001058108796091,Roosendaal,3146,12330,6160,6170,1905,1600,2495,4255,2075,90,10,10,5020,1235,1630,340,1805,2.4,4965,120,80,45,20,2690,1875,120,15,470,80,20,715,80,276,680,1374,3,1,325,25.51500405515,2.63584752635848,16.8288726682887,34.5093268450933,20.235198702352,12.9764801297648,50.0405515004055,5.51500405515004,25.0169919155398,-0.5,0.5,51,-0.226158172863071,4
4709,1605,745,1,0.194719629817415,0.001579135847465,Roosendaal,490,1710,875,835,220,215,340,555,375,80,20,0,810,325,250,35,195,2.1,695,130,135,105,115,60,70,65,20,20,80,20,105,25,315,75,163,5,1,60,28.6549707602339,3.50877192982456,21.9298245614035,32.4561403508772,19.8830409356725,12.5730994152047,48.8304093567252,4.3859649122807,27.8681403553466,-0.79,0.79,52,-0.323374198148234,4
4711,1606,4487,1,0.109881154197004,0.000593279602626,Rucphen,2564,9280,4660,4620,1125,915,2040,3145,2055,90,10,0,4115,1180,1490,260,1175,2.2,4125,130,785,1105,770,675,330,185,150,350,60,40,1500,130,240,1050,1009,3,0,0,27.6293103448276,0,22.1443965517241,33.8900862068966,21.9827586206897,9.85991379310345,49.7844827586207,11.3146551724138,29.1004831001995,1.47,-1.47,53,0.43424034372924,5
4714,1607,2385,1,0.223261389365591,0.002129384270202,Rucphen,1488,5185,2625,2560,680,560,1125,1720,1095,90,10,0,2210,605,780,120,700,2.3,2185,165,310,495,415,320,195,180,110,160,70,30,515,60,280,405,625,4,0,0,28.6981677917069,0,21.1186113789778,33.1726133076181,21.6972034715526,10.8003857280617,49.3731918997107,7.81099324975892,28.0242498066284,-0.67,0.67,54,-0.283146877340581,4
4715,1608,2539,1,0.30216175627558,0.002478038656058,Roosendaal,1438,4710,2365,2345,620,460,930,1485,1215,90,10,0,2000,525,755,105,605,2.3,2010,120,335,450,365,335,160,215,25,220,70,30,490,70,265,265,432,5,0,0,30.5307855626327,0,25.796178343949,31.5286624203822,19.7452229299363,9.76645435244161,49.7876857749469,5.62632696390658,31.235437668266,0.7,-0.7,55,0.176115035213463,5
4715,1608,2539,1,0.30216175627558,0.002478038656058,Rucphen,1438,4710,2365,2345,620,460,930,1485,1215,90,10,0,2000,525,755,105,605,2.3,2010,120,335,450,365,335,160,215,25,220,70,30,490,70,265,265,432,5,0,0,30.5307855626327,0,25.796178343949,31.5286624203822,19.7452229299363,9.76645435244161,49.7876857749469,5.62632696390658,31.235437668266,0.7,-0.7,56,0.176115035213463,5
4721,1609,635,1,0.272800892376472,0.002158099097099,Rucphen,388,1330,675,655,160,175,250,460,285,90,10,0,555,155,180,30,185,2.4,535,70,70,105,75,100,50,55,5,45,80,20,75,20,303,60,118,5,0,0,29.1729323308271,0,21.4285714285714,34.5864661654135,18.796992481203,13.1578947368421,49.2481203007519,4.51127819548872,27.8116972408678,-1.36,1.36,57,-0.514453971984588,4
4722,1610,77,1,0.109413085547756,0.000454392461487,Rucphen,45,225,120,105,40,30,45,80,30,90,10,,75,15,15,,40,3.1,70,15,15,10,10,5,5,10,,,90,10,,,488,,76,5,0,0,20,0,13.3333333333333,35.5555555555556,20,13.3333333333333,46.6666666666667,,23.0483249491714,3.05,-3.05,58,0.963900067696677,6
4724,1611,2329,1,0.159612873542768,0.001170863137231,Roosendaal,1564,4745,2335,2410,720,550,920,1350,1210,90,10,0,2015,560,715,120,615,2.3,2090,200,330,550,350,315,200,120,25,225,80,20,325,75,270,210,613,4,1,65,32.9610115911486,1.36986301369863,25.5005268703899,28.4510010537408,19.3888303477345,11.5911485774499,50.7903055848261,4.42571127502634,29.8319348065656,-3.13,3.13,59,-1.10780695389748,3
4725,1612,574,1,0.252546125057851,0.003060981623489,Roosendaal,349,1195,615,580,135,130,210,460,265,90,10,0,505,120,200,25,155,2.4,505,115,85,55,65,60,75,20,30,30,80,20,45,40,335,75,67,5,0,0,29.2050209205021,0,22.1757322175732,38.4937238493724,17.5732217573222,10.8786610878661,48.5355648535565,6.27615062761506,30.0572864905859,0.85,-0.85,60,0.22639918622303,5
4726,1613,811,1,0.185854704772339,0.001075063448878,Roosendaal,559,1805,925,880,225,160,340,640,440,90,10,0,815,225,335,35,210,2.2,740,150,95,155,110,105,75,10,45,10,90,10,55,30,290,105,186,5,0,0,30.9695290858726,0,24.3767313019391,35.4570637119114,18.8365650969529,8.86426592797784,48.7534626038781,5.81717451523546,31.5693081981706,0.6,-0.6,61,0.142592267873752,5
4727,1614,287,1,0.184743226150388,0.00100162980069,Roosendaal,169,610,305,305,65,85,105,250,100,90,10,0,250,60,95,5,85,2.4,250,70,35,35,40,30,20,15,5,10,90,10,10,15,334,30,52,5,1,35,27.7049180327869,5.73770491803279,16.3934426229508,40.9836065573771,17.2131147540984,13.9344262295082,50,4.91803278688525,25.7951291321498,-1.91,1.91,62,-0.698829192353,3
4731,1615,6343,1,0.216903892937443,0.0015390291421,Halderberge,3499,12640,6245,6395,1895,1305,2800,3510,3125,70,10,10,5625,1855,1915,460,1365,2.2,5785,690,940,1100,1165,735,345,715,95,1055,50,50,2245,225,220,1070,1067,3,1,245,27.6819620253165,1.93829113924051,24.7231012658228,27.7689873417722,22.1518987341772,10.3243670886076,50.5933544303798,8.46518987341772,29.4155502608569,1.73,-1.73,63,0.521399538812489,5
4735,1616,966,1,0.128219557066427,0.000661756727119,Rucphen,647,2050,1025,1020,270,200,440,700,440,90,10,0,910,260,330,50,275,2.3,900,125,135,210,135,135,40,75,40,50,70,30,260,15,256,130,267,5,0,0,31.5609756097561,0,21.4634146341463,34.1463414634146,21.4634146341463,9.75609756097561,49.7560975609756,6.34146341463415,28.878926261799,-2.68,2.68,64,-0.956954500868776,3
4741,1617,3333,1,0.323097073778997,0.003282275124673,Halderberge,2038,6765,3360,3405,950,710,1295,2130,1680,90,10,0,2855,765,1060,165,860,2.3,2905,200,420,620,505,505,260,310,95,265,70,30,710,95,307,330,577,4,1,135,30.1256467110126,1.99556541019956,24.8337028824834,31.4855875831486,19.1426459719143,10.4951958610495,50.3325942350333,4.87804878048781,30.4438554659085,0.32,-0.32,65,0.0487285193225606,5
4744,1618,1173,1,0.112570175481295,0.000591400165843,Halderberge,718,2445,1235,1210,345,245,570,760,525,90,10,0,1060,275,395,50,330,2.3,1070,85,210,240,125,140,70,140,55,50,70,30,250,50,299,155,306,5,1,60,29.3660531697342,2.45398773006135,21.4723926380368,31.0838445807771,23.3128834355828,10.0204498977505,49.4887525562372,6.33946830265849,28.0062318840753,-1.36,1.36,66,-0.514453971984588,4
4751,1619,3648,1,0.32089353760501,0.003699705190341,Halderberge,2169,7245,3625,3620,1025,815,1470,2310,1630,90,10,0,3035,730,1165,195,930,2.4,3110,560,490,560,405,435,275,250,130,355,80,20,640,85,276,340,584,4,1,190,29.9378881987578,2.62249827467219,22.4982746721877,31.8840579710145,20.2898550724638,11.2491373360939,49.9654934437543,4.69289164941339,28.6415865990365,-1.3,1.3,67,-0.494340311580761,4
4754,1620,561,1,0.110367739659846,0.00057149788307,Halderberge,309,1190,600,590,170,125,285,395,215,90,10,0,525,150,195,40,145,2.2,530,160,120,80,85,65,25,,,20,70,30,170,10,212,70,156,5,0,0,25.9663865546219,0,18.0672268907563,33.1932773109244,23.9495798319328,10.5042016806723,49.5798319327731,5.88235294117647,26.0534382292929,0.09,-0.09,68,-0.0283738455587752,4
4756,1621,1064,1,0.270284868564596,0.002967395706621,Steenbergen,678,2290,1175,1115,345,255,460,780,455,90,10,0,985,270,370,45,300,2.3,990,210,155,180,155,105,80,85,20,65,80,20,115,55,280,105,206,5,0,0,29.6069868995633,0,19.8689956331878,34.061135371179,20.0873362445415,11.1353711790393,48.6899563318777,4.58515283842795,27.5479745417671,-2.06,2.06,69,-0.749113343362567,3
4758,1622,1070,1,0.19081841368291,0.001469324475342,Moerdijk,610,2265,1155,1110,340,245,485,775,415,90,10,0,950,250,345,50,295,2.4,955,80,230,160,125,200,60,75,20,75,70,30,205,20,251,115,265,5,1,70,26.9315673289183,3.09050772626932,18.3222958057395,34.2163355408389,21.4128035320088,10.8167770419426,49.0066225165563,5.07726269315673,26.6177767178373,-0.31,0.31,70,-0.16246491491762,4
4759,1623,472,1,0.110798228796046,0.000332319239401,Moerdijk,272,1070,540,530,155,120,215,400,185,90,10,0,430,85,175,15,150,2.5,425,35,95,55,110,50,30,35,10,20,80,20,55,10,285,50,135,5,1,25,25.4205607476636,2.33644859813084,17.2897196261682,37.3831775700935,20.0934579439252,11.214953271028,49.5327102803738,4.67289719626168,26.5352803112155,1.11,-1.11,71,0.313558381306279,5
4761,1624,6898,1,0.351210977104139,0.002128392327585,Moerdijk,3825,13210,6530,6675,1900,1475,2770,3805,3260,80,10,10,5930,1925,1990,420,1570,2.2,6055,325,695,1905,1250,770,680,370,60,1265,60,40,1570,175,236,845,1346,3,1,255,28.9553368660106,1.93035579106737,24.6782740348221,28.8039364118092,20.9689629068887,11.1657834973505,50.5299015897048,6.39666919000757,29.3543828123128,0.4,-0.4,72,0.0755467331943296,5
4762,1625,761,1,0.177858308200164,0.000577193212069,Moerdijk,292,1145,575,565,195,125,305,325,190,90,10,10,460,95,180,30,155,2.5,505,55,10,20,50,45,30,115,180,50,70,30,120,45,289,75,675,4,0,0,25.5021834061135,0,16.5938864628821,28.3842794759825,26.6375545851528,10.9170305676856,49.3449781659389,6.55021834061135,23.866337409013,-1.64,1.64,73,-0.608317720535779,4
4765,1626,833,1,0.311185921955305,0.001489015143171,Moerdijk,436,1635,835,795,250,180,345,535,325,90,10,0,700,205,245,35,210,2.3,720,135,130,65,90,85,160,45,,85,70,30,145,30,252,85,180,5,1,55,26.6666666666667,3.36391437308868,19.8776758409786,32.7217125382263,21.1009174311927,11.0091743119266,48.6238532110092,5.19877675840979,27.2457686625941,0.58,-0.58,74,0.13588771440581,5
4766,1627,11,1,0.098109344118738,0.000439744446834,Drimmelen,1,20,15,5,,0,5,10,0,80,,,10,,5,,,2.3,10,5,,,,,,,,,,,,,,,45,5,0,0,5,0,0,50,25,0,25,,22.8278413685332,17.83,-17.83,75,5.918565080506,8
4771,1628,269,1,0.194299121194859,0.000918786364086,Moerdijk,152,620,330,290,90,85,115,235,95,90,0,0,255,65,90,15,80,2.4,250,75,60,40,30,20,25,5,,,80,20,50,5,277,25,73,5,0,0,24.5161290322581,0,15.3225806451613,37.9032258064516,18.5483870967742,13.7096774193548,46.7741935483871,4.03225806451613,24.6044401769131,0.09,-0.09,76,-0.0283738455587752,4
4772,1629,116,2,0.133080328258734,0.00053407106708,Moerdijk,55,260,140,120,45,30,55,85,45,90,10,,115,40,30,5,35,2.3,100,30,10,5,25,20,5,,,,80,20,,,259,20,74,5,0,0,21.1538461538462,0,17.3076923076923,32.6923076923077,21.1538461538462,11.5384615384615,46.1538461538462,7.69230769230769,25.5207950859532,4.37,-4.37,77,1.40640059658087,6
4781,1630,346,1,0.16519900371099,0.00052733614377,Moerdijk,160,665,355,305,90,75,190,195,110,70,20,10,345,165,90,25,70,1.9,250,25,85,50,45,25,5,10,,10,50,50,95,,206,45,171,5,0,0,24.0601503759399,0,16.5413533834586,29.3233082706767,28.5714285714286,11.2781954887218,45.8646616541353,6.76691729323308,23.5059945057834,-0.55,0.55,78,-0.242919556532927,4
4782,1631,561,1,0.339100032802747,0.002774028911817,Moerdijk,145,530,275,250,55,60,110,195,115,90,10,0,250,80,95,10,60,2.1,255,55,85,40,15,15,30,10,,20,70,30,60,10,216,25,103,5,0,0,27.3584905660377,0,21.6981132075472,36.7924528301887,20.7547169811321,11.3207547169811,47.1698113207547,4.71698113207547,28.8184539025649,1.46,-1.46,79,0.430888066995269,5
4791,1632,3109,1,0.324785118405427,0.00239083174154,Moerdijk,1589,5860,2945,2915,915,695,1285,1780,1185,90,10,0,2515,745,830,185,740,2.3,2505,310,650,365,495,285,175,135,90,255,60,40,835,60,227,385,612,4,1,30,27.1160409556314,0.511945392491468,20.221843003413,30.3754266211604,21.9283276450512,11.8600682593857,49.7440273037543,6.56996587030717,26.5711270293034,-0.54,0.54,80,-0.239567279798956,4
4793,1633,2715,1,0.308906328004388,0.002877530196755,Moerdijk,1545,5510,2780,2730,825,595,1160,1665,1265,90,10,0,2420,770,805,150,690,2.2,2500,310,325,770,265,300,200,325,5,265,60,40,810,70,228,320,610,4,0,0,28.0399274047187,0,22.9582577132486,30.2177858439202,21.0526315789474,10.7985480943739,49.546279491833,5.80762250453721,28.7354059059152,0.7,-0.7,81,0.176115035213463,5
4794,1634,526,1,0.33385725056972,0.002597291112282,Moerdijk,259,940,490,450,120,80,205,355,175,90,10,0,425,115,175,20,115,2.2,425,145,105,45,40,35,30,15,5,,80,20,65,15,258,50,60,5,0,0,27.5531914893617,0,18.6170212765957,37.7659574468085,21.8085106382979,8.51063829787234,47.8723404255319,5.31914893617021,28.303694254944,0.75,-0.75,82,0.192876418883319,5
4796,1635,128,1,0.174980933755407,0.000809623379582,Moerdijk,85,270,150,125,25,30,45,130,40,90,10,0,110,15,55,,35,2.4,120,75,10,5,,10,5,,,,90,10,,5,309,15,58,5,1,35,31.4814814814815,12.962962962963,14.8148148148148,48.1481481481482,16.6666666666667,11.1111111111111,46.2962962962963,5.55555555555556,27.3385610585727,-4.14,4.14,83,-1.44638690402856,3
4797,1636,1616,1,0.503501999682211,0.00155713663724,Moerdijk,909,3160,1545,1615,490,335,620,995,715,90,10,0,1430,460,490,100,380,2.2,1440,180,230,295,315,135,110,80,95,125,60,40,430,50,260,185,279,5,0,0,28.7658227848101,0,22.626582278481,31.4873417721519,19.620253164557,10.6012658227848,51.1075949367089,5.85443037974684,29.0552329301167,0.29,-0.29,84,0.0386716891206473,5
4811,1637,12266,1,0.086242949105234,0.000325350075594,Breda,3214,17100,8705,8400,1235,3390,6585,3440,2450,70,10,10,11045,7135,2590,390,830,1.5,9910,2905,95,245,2570,1055,1305,1550,190,8225,30,70,3215,610,242,1505,3833,1,1,255,18.7953216374269,1.49122807017544,14.327485380117,20.1169590643275,38.5087719298246,19.8245614035088,49.1228070175439,8.80116959064328,15.3916563142409,-3.4,3.4,85,-1.1983184257147,3
4812,1638,5663,3,0.099930215304393,0.000185926194635,Breda,1804,10210,5135,5075,1510,1510,3645,2250,1300,70,10,20,5495,2815,1270,505,865,1.8,5265,730,2135,90,85,10,510,1695,10,2875,40,60,2565,240,214,1220,2784,1,1,5,17.6689520078355,0.0489715964740451,12.7326150832517,22.0372184133203,35.7002938295789,14.7894221351616,49.7061704211557,11.949069539667,17.4951372214395,-0.17,0.17,86,-0.115533040642024,4
4813,1639,4132,2,0.110273491990366,0.000240152730417,Breda,2130,8385,4140,4250,1545,820,2145,1975,1905,80,10,10,3740,1365,1085,240,1040,2.2,3695,505,325,305,1605,165,455,155,175,1055,60,40,875,125,293,550,1861,2,1,100,25.4025044722719,1.19260584376863,22.7191413237925,23.5539654144305,25.5813953488372,9.7793679189028,50.685748360167,6.55933214072749,27.329285490217,1.93,-1.93,87,0.588445073491911,5
4814,1640,6521,1,0.134916595180123,0.000429096695685,Breda,2184,11400,5660,5740,1650,1990,3290,2945,1525,70,10,10,5845,2860,1265,445,1230,1.9,5405,1615,655,370,120,190,2020,195,245,1955,40,50,1975,210,218,1135,2867,1,1,225,19.1578947368421,1.97368421052632,13.3771929824561,25.8333333333333,28.859649122807,17.4561403508772,50.3508771929825,9.95614035087719,18.3235824510298,-0.83,0.83,88,-0.336783305084119,4
4815,1641,2460,4,0.1460596447454,0.000365287644417,Breda,746,4355,2115,2245,785,735,1360,990,485,80,10,10,2165,1020,495,115,520,2,1920,1005,120,5,10,5,215,75,485,780,60,40,270,40,278,210,1966,2,1,90,17.1297359357061,2.06659012629162,11.1366245694604,22.7324913892078,31.2284730195178,16.8771526980482,51.5499425947187,4.82204362801378,16.4548871810826,-0.67,0.67,89,-0.283146877340581,4
4816,1642,2811,3,0.101377852611659,0.0001715148401,Breda,766,4460,2305,2155,580,715,1540,1025,600,60,10,30,2400,1225,570,185,385,1.8,2135,120,1235,330,65,30,5,350,,1080,30,70,1160,70,198,535,2825,1,0,0,17.1748878923767,0,13.4529147982063,22.9820627802691,34.5291479820628,16.0313901345291,48.3183856502242,11.9955156950673,17.6755988042095,0.5,-0.5,90,0.109069500534041,5
4817,1643,9770,2,0.151041297744805,0.000805686326472,Breda,3644,15425,7420,8010,2160,2445,4175,3580,3060,70,10,20,8000,4015,1870,555,1470,1.9,7325,535,2315,2315,345,200,680,550,385,3515,50,50,2990,170,239,1360,2040,2,1,320,23.6239870340357,2.07455429497569,19.837925445705,23.2090761750405,27.0664505672609,15.8508914100486,51.9286871961102,8.81685575364668,22.6415029956765,-0.98,0.98,91,-0.387067456093685,4
4818,1644,4638,1,0.08512417150506,0.000268209111029,Breda,2103,9045,4375,4670,1540,1365,2095,2480,1560,80,10,0,4255,1785,1105,265,1075,2.1,3970,2465,490,45,45,185,375,345,20,1570,70,30,185,190,425,310,3042,1,1,345,23.2504145936982,3.81426202321725,17.2470978441128,27.4184632393588,23.1619679380873,15.0912106135987,51.6307352128248,3.42730790491984,22.7604628279553,-0.49,0.49,92,-0.2228058961291,4
4819,1645,2117,3,0.068184628090904,0.000106066474363,Breda,965,3630,1725,1910,610,420,830,915,855,90,10,0,1710,715,435,120,430,2.1,1695,170,1190,165,,10,60,75,30,770,70,30,260,65,328,190,2930,1,1,300,26.5840220385675,8.26446280991736,23.5537190082645,25.2066115702479,22.8650137741047,11.5702479338843,52.6170798898072,5.23415977961433,27.680505698169,1.1,-1.1,93,0.310206104572308,5
4822,1646,3616,1,0.10250204399858,0.000326689602503,Breda,1689,8050,4070,3980,1305,995,2100,2605,1045,70,10,20,3540,1165,985,370,1005,2.3,3455,10,,,530,2770,110,,30,710,60,40,1240,40,225,780,1373,3,1,280,20.9813664596273,3.47826086956522,12.9813664596273,32.360248447205,26.0869565217391,12.360248447205,49.4409937888199,9.68944099378882,21.8322293634599,0.85,-0.85,94,0.22639918622303,5
4823,1647,3879,1,0.196574331799396,0.001237057263144,Breda,2027,8875,4415,4460,1470,1120,2005,3005,1275,80,10,10,3745,1080,1035,330,1290,2.4,3710,30,10,,,2615,945,100,5,795,70,30,1110,50,278,570,1224,3,0,0,22.8394366197183,0,14.3661971830986,33.8591549295775,22.5915492957747,12.6197183098592,50.2535211267606,6.42253521126761,23.2929079515691,0.45,-0.45,95,0.0923081168641852,5
4824,1648,4722,1,0.123561030941733,0.000487767133139,Breda,1951,9040,4620,4420,1565,960,2605,2705,1205,80,10,10,3985,1260,1205,355,1150,2.3,3875,15,10,,2880,875,90,,,735,70,30,835,45,233,695,1267,3,1,80,21.5818584070796,0.88495575221239,13.3296460176991,29.9225663716814,28.8163716814159,10.6194690265487,48.8938053097345,7.68805309734513,22.0153398072245,0.43,-0.43,96,0.085603563396243,5
4825,1649,459,1,0.145921755615883,0.000547000009212,Breda,27,110,65,50,5,10,30,35,25,80,10,10,55,20,20,5,15,2,45,25,5,,5,,,,,,80,20,,5,408,10,804,4,0,0,24.5454545454546,0,22.7272727272727,31.8181818181818,27.2727272727273,9.09090909090909,45.4545454545455,9.09090909090909,28.6247333841451,4.08,-4.08,97,1.3091845712957,6
4826,1650,5090,1,0.08404311741374,0.000247016277152,Breda,1984,9335,4490,4845,1570,1260,2450,2295,1760,50,10,40,4360,1880,1060,425,960,2.1,4120,20,,3260,300,315,95,100,35,1720,40,60,1910,60,176,1125,2242,2,1,190,21.2533476164971,2.03535083020889,18.8537761114087,24.5848955543653,26.2453133369041,13.4975897161221,51.9014461703267,12.0514193893948,23.4816649505016,2.23,-2.23,98,0.689013375511045,6
4827,1651,4052,1,0.067057694973545,0.000184608499162,Breda,1336,7810,3810,4000,1510,905,2340,1785,1265,50,10,40,3700,1685,720,430,840,2.1,3500,,490,1700,,440,130,635,110,1880,30,70,2205,60,198,965,2350,2,1,20,17.1062740076825,0.256081946222791,16.1971830985916,22.8553137003841,29.9615877080666,11.5877080665813,51.2163892445583,12.3559539052497,21.9690583114044,4.86,-4.86,99,1.57066215654545,6
4834,1652,7104,1,0.146851833334118,0.000458633941651,Breda,3968,11905,5500,6405,1785,1210,2500,2945,3465,80,10,10,5775,2385,1700,455,1230,2,5820,505,1605,2010,590,240,305,350,210,2390,60,40,1395,165,314,595,2234,2,1,140,33.3305333893322,1.17597648047039,29.1054178916422,24.737505249895,20.9995800083998,10.1637967240655,53.8009239815204,4.99790004199916,31.7249143158962,-1.61,1.61,100,-0.598260890333866,4
4835,1653,3617,1,0.059783819800467,0.000153020653367,Breda,1654,6865,3310,3555,1310,800,1530,1970,1250,90,10,0,3035,1040,895,205,875,2.3,3015,1630,545,25,165,140,250,205,55,770,80,20,185,150,472,250,2539,1,1,335,24.0932265112892,4.87982520029133,18.2083029861617,28.6962855061908,22.2869628550619,11.6533139111435,51.7844136926439,3.64166059723234,25.1998956194601,1.11,-1.11,101,0.313558381306279,5
4836,1654,483,1,0.336763420053454,0.002091086448793,Breda,204,705,395,305,80,90,130,250,150,80,10,10,275,105,90,15,65,2.1,260,70,45,65,15,35,10,15,10,90,80,20,,40,651,140,76,5,0,0,28.936170212766,0,21.2765957446809,35.4609929078014,18.4397163120567,12.7659574468085,43.2624113475177,19.8581560283688,28.0912258762392,-0.84,0.84,102,-0.34013558181809,4
4837,1655,1310,1,0.103350734774348,0.000280565044691,Breda,750,2255,1015,1240,275,235,300,560,885,80,10,0,1070,520,295,40,205,1.9,1055,195,270,155,205,115,45,60,,550,60,40,105,55,546,55,1782,2,1,105,33.2594235033259,4.65631929046563,39.2461197339246,24.8337028824834,13.3037694013304,10.4212860310421,54.9889135254989,2.4390243902439,38.6619832270674,5.4,-5.4,103,1.75168510017989,7
4838,1656,619,2,0.248993403963873,0.001491672539436,Breda,331,1160,570,585,180,125,200,350,305,90,10,0,420,75,170,15,160,2.6,520,220,65,70,35,25,50,50,5,115,80,20,,80,458,55,94,5,1,50,28.5344827586207,4.31034482758621,26.2931034482759,30.1724137931035,17.2413793103448,10.7758620689655,50.4310344827586,4.74137931034483,31.2580802259007,2.72,-2.72,104,0.85327493547563,6
4839,1657,160,1,0.120577824847867,0.000500341332855,Breda,130,385,195,190,50,55,50,140,90,90,10,,150,30,55,,60,2.5,145,85,25,15,5,,5,5,,,100,0,,,550,10,251,5,0,0,33.7662337662338,0,23.3766233766234,36.3636363636364,12.987012987013,14.2857142857143,49.3506493506494,2.5974025974026,29.6137020048697,-4.15,4.15,105,-1.44973918076253,3
4841,1658,5594,1,0.255231161475068,0.002285635315006,Breda,3698,11915,5860,6055,1900,1430,2245,3615,2725,90,10,0,4880,1210,1675,330,1650,2.4,4980,265,500,1660,650,665,690,360,190,430,80,20,605,105,374,445,1112,3,1,100,31.0365086026018,0.839278220730172,22.8703315148972,30.3399076793957,18.8417960553924,12.0016785564415,50.8182962652119,3.73478808224927,28.5119675478939,-2.52,2.52,106,-0.903318073125238,3
4844,1659,3165,1,0.260065923758819,0.001930334108523,Drimmelen,1718,6260,3095,3165,900,660,1350,1890,1465,90,10,0,2550,660,945,185,755,2.3,2690,255,450,560,625,365,245,155,30,415,70,30,645,75,268,500,788,4,1,75,27.444089456869,1.19808306709265,23.4025559105431,30.1916932907348,21.5654952076677,10.5431309904153,50.5591054313099,7.98722044728434,29.0197462877894,1.58,-1.58,107,0.471115387802922,5
4845,1660,966,1,0.151857613069523,0.000686902427468,Drimmelen,606,2180,1100,1080,305,280,465,710,420,90,0,0,880,215,310,45,310,2.5,865,225,165,105,140,125,50,40,10,50,80,20,125,30,294,90,264,5,0,0,27.7981651376147,0,19.2660550458716,32.5688073394495,21.3302752293578,12.8440366972477,49.5412844036697,4.12844036697248,26.0052209921272,-1.79,1.79,108,-0.658601871545346,4
4847,1661,3700,1,0.186029390422208,0.001384639698152,Breda,2190,8245,4040,4205,1445,955,1660,2280,1900,90,10,10,3280,840,1090,185,1155,2.4,3315,200,230,880,355,310,510,515,310,500,80,20,560,95,384,400,880,4,1,100,26.561552456034,1.21285627653123,23.0442692540934,27.6531231049121,20.1334141904184,11.5827774408733,51.0006064281383,4.85142510612493,28.1888543868979,1.63,-1.63,109,0.487876771472778,5
4849,1662,1394,1,0.294228144682368,0.00158810054966,Oosterhout,812,3000,1505,1490,555,300,780,860,505,90,10,0,1225,300,430,55,440,2.4,1195,135,285,170,95,130,100,60,225,55,90,10,70,20,326,135,303,5,1,45,27.0666666666667,1.5,16.8333333333333,28.6666666666667,26,10,49.6666666666667,4.5,24.563011955636,-2.5,2.5,110,-0.896613519657296,3
4851,1663,2347,1,0.144345877090258,0.000607023683517,Breda,1566,5025,2460,2570,860,540,800,1465,1360,90,10,0,2110,630,685,130,665,2.3,2110,190,470,580,270,160,270,70,100,330,70,30,370,65,458,200,560,4,1,180,31.1641791044776,3.58208955223881,27.0646766169154,29.1542288557214,15.9203980099503,10.7462686567164,51.1442786069652,3.98009950248756,31.7705512542496,0.61,-0.61,111,0.145944544607723,5
4854,1664,3587,1,0.218878932681621,0.00155983510424,Breda,2446,8330,4160,4165,1430,1060,1435,2675,1735,90,10,0,3280,765,1135,190,1190,2.5,3325,165,220,530,485,660,635,495,135,365,80,20,690,105,435,395,884,4,1,150,29.3637454981993,1.80072028811525,20.828331332533,32.1128451380552,17.2268907563025,12.7250900360144,50,4.74189675870348,27.5403845986578,-1.82,1.82,112,-0.66865870174726,4
4855,1665,496,1,0.125076090426888,0.000710446648772,Alphen-Chaam,294,1050,535,520,185,90,230,340,210,90,10,0,435,100,175,20,145,2.4,460,50,50,65,80,55,70,40,55,20,80,20,35,35,382,45,111,5,0,0,28,0,20,32.3809523809524,21.9047619047619,8.57142857142857,49.5238095238095,4.28571428571429,28.2392202646291,0.24,-0.24,113,0.0219103054507917,5
4856,1666,169,1,0.215065347925408,0.001231790425238,Alphen-Chaam,107,340,180,160,35,45,70,110,80,80,20,,140,35,60,5,45,2.4,140,40,30,30,10,5,10,10,5,5,80,20,,15,461,15,28,5,0,0,31.4705882352941,0,23.5294117647059,32.3529411764706,20.5882352941176,13.2352941176471,47.0588235294118,4.41176470588235,28.3568095662952,-3.11,3.11,114,-1.10110240042953,3
4858,1667,143,1,0.168784332638538,0.00086070888406,Alphen-Chaam,95,315,165,150,35,40,40,120,80,90,10,,130,30,50,10,40,2.4,130,45,25,25,10,10,10,,,,80,20,,10,563,15,84,5,0,0,30.1587301587302,0,25.3968253968254,38.0952380952381,12.6984126984127,12.6984126984127,47.6190476190476,4.76190476190476,31.797403248653,1.64,-1.64,115,0.491229048206749,5
4859,1668,26,1,0.071260500418659,0.000248390256701,Alphen-Chaam,6,45,30,20,5,10,5,20,0,90,,,20,10,,,5,2.4,20,,5,,,,,,,,80,,,,509,,15,5,0,0,13.3333333333333,0,0,44.4444444444444,11.1111111111111,22.2222222222222,44.4444444444444,,14.1486975330031,0.82,-0.82,116,0.216342356021117,5
4861,1669,2329,1,0.297510709060669,0.004022235854892,Alphen-Chaam,1394,4200,2100,2100,580,465,790,1280,1085,90,10,0,1760,470,660,90,535,2.4,1825,225,220,395,260,255,120,295,60,240,70,30,275,120,331,210,326,5,1,60,33.1904761904762,1.42857142857143,25.8333333333333,30.4761904761905,18.8095238095238,11.0714285714286,50,5,30.6564473700745,-2.53,2.53,117,-0.906670349859209,3
4871,1670,7684,1,0.300666524371869,0.00164088178152,Etten-Leur,4214,16930,8450,8480,3250,1875,4285,4635,2885,80,10,10,6875,1850,2105,495,2405,2.4,6955,165,345,1670,60,1045,1810,1525,340,1170,70,30,1565,145,282,1125,1659,2,1,95,24.8907265209687,0.561134081512109,17.0407560543414,27.3774365032487,25.3101004134672,11.0750147666864,50.0886001181335,6.64500886001181,24.1106191186032,-0.78,0.78,118,-0.320021921414263,4
4872,1671,4742,1,0.150392454006594,0.000545323864794,Etten-Leur,2357,8850,4340,4515,1330,945,2125,2640,1815,80,10,10,4050,1445,1195,360,1035,2.1,4135,115,865,155,1140,1310,150,360,35,940,60,40,1560,85,235,780,2084,2,1,105,26.6327683615819,1.1864406779661,20.5084745762712,29.8305084745763,24.0112994350283,10.6779661016949,51.0169491525424,8.8135593220339,26.8554052994464,0.22,-0.22,119,0.0152057519828494,5
4873,1672,3309,1,0.220431253440143,0.001667589433893,Etten-Leur,1986,6065,3005,3060,800,660,1200,1850,1560,80,10,10,2755,875,975,180,715,2.2,2765,85,690,520,180,45,1010,140,95,605,70,30,725,70,289,395,1569,2,0,0,32.7452596867271,0,25.7213520197857,30.5028854080791,19.7856553998351,10.8821104699093,50.4534212695796,6.51277823577906,30.5261563246625,-2.22,2.22,120,-0.802749771106105,3
4874,1673,1341,1,0.273064340921437,0.001864276952149,Etten-Leur,873,2975,1470,1505,415,335,675,925,625,80,10,10,1320,395,460,95,365,2.2,1295,65,60,45,605,245,40,145,95,210,70,30,405,25,288,205,1235,3,1,60,29.3445378151261,2.01680672268908,21.0084033613445,31.0924369747899,22.6890756302521,11.2605042016807,50.5882352941176,6.89075630252101,27.2800762520309,-2.06,2.06,121,-0.749113343362567,3
4875,1674,1059,1,0.040884681489702,5.410924177e-05,Etten-Leur,707,1845,900,940,250,185,360,465,580,80,10,10,845,275,305,50,215,2.2,865,50,35,560,10,100,90,15,,180,70,30,210,30,249,120,1898,2,0,0,38.319783197832,0,31.4363143631436,25.2032520325203,19.5121951219512,10.0271002710027,50.9485094850949,6.50406504065041,33.4301982299837,-4.89,4.89,122,-1.69780765907639,2
4876,1675,3490,1,0.196748565401229,0.000874692863608,Etten-Leur,1888,6995,3405,3590,1205,725,1670,1870,1530,80,10,10,2945,860,985,230,855,2.3,3000,105,90,850,1310,30,115,230,270,460,60,40,870,65,257,500,1562,2,1,130,26.9907076483202,1.85847033595425,21.8727662616154,26.7333809864189,23.8741958541816,10.3645461043603,51.3223731236598,7.14796283059328,27.3326720581657,0.34,-0.34,123,0.0554330727905029,5
4877,1676,46,2,0.057877353843352,8.0475801688e-05,Etten-Leur,10,30,15,15,,0,10,10,5,80,,,15,5,5,,,2.1,5,,,,,,,,,,,,,,384,,404,5,0,0,33.3333333333333,0,16.6666666666667,33.3333333333333,33.3333333333333,0,50,,28.5276963130958,-4.81,4.81,124,-1.67098944520463,2
4878,1677,77,1,0.084225844572422,0.000166756702996,Etten-Leur,1,5,,,,0,0,0,0,,,,,,,,,2,,,,,,,,,,,,,,,,,276,5,0,0,20,0,0,0,0,0,,,19.2609276928529,-0.74,0.74,125,-0.306612814478378,4
4879,1678,652,1,0.105461967656802,0.000316998171821,Etten-Leur,41,175,90,85,25,20,35,70,25,90,10,,70,10,25,5,25,2.6,65,,5,5,,25,20,,,5,90,10,,,365,5,602,4,0,0,23.4285714285714,0,14.2857142857143,40,20,11.4285714285714,48.5714285714286,2.85714285714286,25.1278609878007,1.7,-1.7,126,0.511342708610576,5
4881,1679,4471,1,0.393863602933214,0.002235592036998,Zundert,2417,8075,4050,4025,1100,765,1885,2225,2100,80,10,10,3715,1295,1295,195,915,2.1,3790,315,720,695,740,345,385,405,185,765,70,30,730,185,263,475,857,4,1,245,29.9318885448916,3.03405572755418,26.0061919504644,27.5541795665635,23.343653250774,9.47368421052632,49.8452012383901,5.88235294117647,30.3129785916549,0.38,-0.38,127,0.0688421797263874,5
4882,1680,1029,1,0.363315892304343,0.00318261627608,Zundert,597,2430,1285,1145,325,355,475,915,365,90,10,0,920,180,320,50,375,2.6,925,140,100,65,75,445,35,30,35,25,90,10,50,45,350,75,281,5,1,55,24.5679012345679,2.26337448559671,15.0205761316872,37.6543209876543,19.5473251028807,14.6090534979424,47.119341563786,3.08641975308642,23.8272773149776,-0.74,0.74,128,-0.306612814478378,4
4884,1681,1499,1,0.304397185586149,0.002000997722306,Zundert,685,2975,1550,1425,360,345,695,1050,530,80,20,0,1350,450,465,55,375,2.2,1365,170,190,165,135,145,465,50,40,65,80,20,65,145,265,165,190,5,0,0,23.0252100840336,0,17.8151260504202,35.2941176470588,23.3613445378151,11.5966386554622,47.8991596638655,5.54621848739496,25.8260869972789,2.8,-2.8,129,0.880093149347399,6
4885,1682,827,1,0.327108440247152,0.003710425090936,Zundert,475,1695,880,815,220,205,300,610,355,80,20,0,705,170,275,30,220,2.4,725,150,130,100,110,85,80,45,25,55,80,20,20,70,324,75,89,5,1,75,28.023598820059,4.42477876106195,20.9439528023599,35.9882005899705,17.6991150442478,12.094395280236,48.0825958702065,4.42477876106195,28.4024766329772,0.38,-0.38,130,0.0688421797263874,5
4891,1683,3134,1,0.370676339438973,0.004449230758107,Zundert,1888,6635,3365,3270,855,790,1335,2155,1500,90,10,0,2810,830,1005,165,795,2.3,2665,295,410,430,510,440,320,155,100,305,80,20,405,170,337,495,461,5,1,235,28.4551620195931,3.54182366239638,22.6073850791259,32.4792765636775,20.120572720422,11.9065561416729,49.2840994724944,7.46043707611153,28.5235896678314,0.07,-0.07,131,-0.0350783990267174,4
4901,1684,6219,1,0.110017431226255,0.000379921678489,Oosterhout,3780,10650,5050,5595,1200,1005,2225,2910,3305,80,10,10,5345,2200,1765,345,1015,2,5495,745,320,1630,495,1295,400,535,75,2165,50,40,1825,195,236,720,2350,2,0,0,35.4929577464789,0,31.0328638497653,27.3239436619718,20.8920187793427,9.43661971830986,52.5352112676056,6.76056338028169,33.5665341845708,-1.93,1.93,132,-0.705533745820942,3
4902,1685,4921,2,0.132711939009629,0.000390602241545,Oosterhout,2570,8650,4335,4315,1175,895,2075,2530,1980,80,10,10,4125,1530,1345,290,940,2.1,4280,300,1835,455,135,690,185,485,195,1615,50,40,1665,215,238,750,1792,2,1,95,29.7109826589595,1.09826589595376,22.8901734104046,29.2485549132948,23.9884393063584,10.3468208092486,49.8843930635838,8.67052023121387,28.2856105688235,-1.43,1.43,133,-0.537919909122386,4
4903,1686,471,2,0.258689847795975,0.000938795949459,Oosterhout,119,370,210,165,40,30,70,140,95,80,20,0,195,85,70,5,30,1.9,75,20,40,,5,,,,,,90,10,,10,327,30,384,5,0,0,32.1621621621622,0,25.6756756756757,37.8378378378378,18.9189189189189,8.10810810810811,44.5945945945946,8.10810810810811,33.0025158188144,0.84,-0.84,134,0.223046909489059,5
4904,1687,5975,1,0.279428918369241,0.001078390050405,Oosterhout,3273,12060,5955,6110,1925,1450,2475,3450,2765,70,10,20,5325,1800,1670,450,1380,2.2,5315,20,725,2740,45,195,585,875,135,1725,50,50,2345,180,264,1020,1303,3,0,0,27.1393034825871,0,22.9270315091211,28.6069651741294,20.5223880597015,12.0232172470978,50.6633499170813,8.45771144278607,28.0044438434701,0.87,-0.87,135,0.233103739690972,5
4905,1688,716,1,0.170254865835203,0.00041127716409,Oosterhout,225,855,435,420,130,115,185,270,160,90,10,0,355,95,110,20,125,2.4,365,145,170,25,10,10,5,,,30,80,20,30,20,263,40,1609,2,0,0,26.3157894736842,0,18.7134502923977,31.5789473684211,21.6374269005848,13.4502923976608,49.1228070175439,4.67836257309942,25.2155600224505,-1.1,1.1,136,-0.427294776901339,4
4906,1689,2188,1,0.163224838569124,0.000672537137416,Oosterhout,1000,4325,2130,2195,885,480,1165,1235,565,80,10,10,1700,355,560,145,640,2.5,1695,,,,,,1050,125,515,385,70,30,335,30,317,225,814,4,0,0,23.121387283237,0,13.0635838150289,28.5549132947977,26.9364161849711,11.0982658959538,50.7514450867052,5.20231213872832,21.7396072804144,-1.38,1.38,137,-0.52115852545253,4
4907,1690,4454,1,0.076056600440282,0.00028844769429,Oosterhout,2853,10385,5130,5250,1745,1135,2350,3090,2065,80,10,10,4410,1145,1520,390,1350,2.4,4360,,,360,3605,330,70,,,280,60,40,1465,35,236,725,1631,2,1,0,27.4723158401541,0,19.8844487241213,29.7544535387578,22.6287915262398,10.9292248435243,50.5536831969186,6.98122291766972,26.5933644043813,-0.88,0.88,138,-0.353544688753974,4
4908,1691,1404,1,0.087113817699923,0.000189797548852,Oosterhout,955,3170,1570,1600,475,330,665,1060,640,80,10,10,1405,385,505,120,385,2.3,1400,,,,,1400,,,,210,60,40,420,15,253,240,1191,3,0,0,30.1261829652997,0,20.1892744479495,33.4384858044164,20.9779179810726,10.410094637224,50.4731861198738,7.57097791798107,27.8234098164079,-2.3,2.3,139,-0.829567984977874,3
4909,1692,550,1,0.197818976450393,0.002061219776258,Oosterhout,372,1225,620,605,170,150,215,435,255,90,10,0,485,90,205,20,165,2.5,500,150,65,75,60,50,60,25,10,5,90,10,20,30,368,35,116,5,0,0,30.3673469387755,0,20.8163265306122,35.5102040816327,17.5510204081633,12.2448979591837,49.3877551020408,2.85714285714286,28.2126268466454,-2.15,2.15,140,-0.779283833968307,3
4911,1693,524,1,0.215583391274,0.00128521033113,Oosterhout,334,1295,670,625,210,195,210,460,225,90,10,0,480,100,150,20,210,2.7,470,85,70,60,75,50,75,35,20,,90,10,20,15,439,35,167,5,1,15,25.7915057915058,1.15830115830116,17.3745173745174,35.5212355212355,16.2162162162162,15.0579150579151,48.2625482625483,2.7027027027027,25.1822726189598,-0.61,0.61,141,-0.263033216936754,4
4921,1694,6137,1,0.197029889054181,0.001452441389414,Drimmelen,3846,12450,6190,6260,1745,1350,2670,3705,2980,90,10,0,5465,1650,1915,285,1605,2.3,5435,420,920,1015,970,795,550,545,220,825,70,30,1240,165,267,580,1124,3,1,275,30.8915662650602,2.20883534136546,23.9357429718876,29.7590361445783,21.4457831325301,10.8433734939759,50.281124497992,4.65863453815261,29.1430864829211,-1.75,1.75,142,-0.645192764609462,4
4924,1695,309,1,0.476019246132193,0.006045181071647,Drimmelen,172,570,295,275,75,75,85,205,130,90,10,0,230,50,85,10,80,2.5,230,70,30,20,55,10,30,15,,5,80,20,30,10,349,25,66,5,0,0,30.1754385964912,0,22.8070175438597,35.9649122807018,14.9122807017544,13.1578947368421,48.2456140350877,4.3859649122807,29.4300845368778,-0.75,0.75,143,-0.30996509121235,4
4926,1696,2070,1,0.312350969636235,0.002927863165833,Drimmelen,1120,4060,2045,2015,540,470,825,1355,870,90,10,0,1760,500,625,100,520,2.3,1800,375,195,390,275,260,130,90,90,190,70,30,530,50,251,215,367,5,1,0,27.5862068965517,0,21.4285714285714,33.3743842364532,20.320197044335,11.576354679803,49.6305418719212,5.29556650246305,28.101024061402,0.51,-0.51,144,0.112421777268012,5
4927,1697,848,1,0.271692788979372,0.001841919069532,Drimmelen,482,1730,885,845,255,190,370,570,345,90,10,0,735,190,280,35,225,2.3,730,185,95,140,110,80,50,55,10,55,80,20,135,20,274,90,175,5,0,0,27.8612716763006,0,19.9421965317919,32.9479768786127,21.3872832369942,10.9826589595376,48.8439306358382,5.20231213872832,27.2832218122028,-0.58,0.58,145,-0.25297638673484,4
4931,1698,3682,1,0.135526593380856,0.000924281949252,Geertruidenberg,2000,6950,3480,3465,1060,720,1635,2075,1455,90,10,0,3115,1040,980,240,850,2.2,3205,360,490,935,435,425,235,315,5,765,60,40,980,90,216,445,1075,3,1,75,28.7769784172662,1.07913669064748,20.9352517985612,29.8561151079137,23.5251798561151,10.3597122302158,49.8561151079137,6.40287769784173,27.3254463110401,-1.45,1.45,146,-0.544624462590328,4
4941,1699,4841,1,0.355193387313375,0.001544925809937,Geertruidenberg,2801,8745,4230,4515,1285,860,1910,2420,2270,90,10,0,3915,1255,1310,300,1045,2.2,4075,450,640,895,855,250,285,695,10,930,60,40,1500,175,241,610,1215,3,1,195,32.0297312750143,2.22984562607204,25.9576901086335,27.6729559748428,21.8410520297313,9.83419096626644,51.6295025728988,6.97541452258433,30.3798851862026,-1.65,1.65,147,-0.611669997269751,4
4942,1700,1516,1,0.055399541189227,0.000111054851058,Geertruidenberg,808,3715,1890,1825,690,440,950,1200,435,90,10,0,1455,295,500,95,560,2.5,1490,,,10,465,805,120,90,,160,70,30,360,20,251,225,1285,3,0,0,21.749663526245,0,11.7092866756393,32.3014804845222,25.5720053835801,11.8438761776581,49.1251682368775,6.05652759084791,21.410367177145,-0.34,0.34,148,-0.172521745119534,4
4944,1701,1015,1,0.247705788067019,0.001344942922337,Geertruidenberg,582,2135,1095,1035,315,275,490,670,380,90,10,0,900,245,295,60,295,2.4,870,190,125,150,190,105,65,30,20,60,70,30,170,30,286,115,237,5,1,45,27.2599531615925,2.10772833723653,17.7985948477752,31.3817330210773,22.9508196721311,12.8805620608899,48.4777517564403,5.3864168618267,24.7097039679172,-2.55,2.55,149,-0.913374903327152,3
5111,1757,3889,1,0.714958617410525,0.006671769516766,Baarle-Nassau,1884,5655,2845,2810,770,490,1180,1605,1610,70,20,0,2590,875,905,175,625,2.2,2360,310,300,565,285,330,240,215,120,360,70,30,305,140,287,350,386,5,1,125,33.315649867374,2.210433244916,28.4703801945181,28.3819628647215,20.8664898320071,8.66489832007073,49.6905393457118,6.18921308576481,32.6115364130435,-0.7,0.7,150,-0.293203707542494,4
5113,1758,594,1,0.255227275968616,0.002626634379958,Baarle-Nassau,304,1075,550,525,155,135,220,360,205,70,20,0,430,110,145,20,150,2.5,450,135,85,50,65,45,35,20,20,25,80,20,30,40,323,45,68,5,0,0,28.2790697674419,0,19.0697674418605,33.4883720930233,20.4651162790698,12.5581395348837,48.8372093023256,4.18604651162791,26.2992628052343,-1.98,1.98,151,-0.722295129490798,3
5114,1759,73,1,0.206272816214029,0.000862565673584,Baarle-Nassau,43,130,65,65,10,10,20,55,35,60,40,,55,15,25,,15,2.3,65,30,10,10,,,,5,,,90,10,,10,394,5,22,5,0,0,33.0769230769231,0,26.9230769230769,42.3076923076923,15.3846153846154,7.69230769230769,50,3.84615384615385,35.1453533331834,2.07,-2.07,152,0.635376947767507,5
5131,1765,2046,1,0.415265264737416,0.005182849121388,Alphen-Chaam,1209,4250,2195,2055,660,490,895,1300,910,80,10,0,1735,440,660,85,550,2.4,1790,235,205,360,285,215,185,195,110,180,80,20,280,75,314,185,384,5,1,65,28.4470588235294,1.52941176470588,21.4117647058824,30.5882352941177,21.0588235294118,11.5294117647059,48.3529411764706,4.35294117647059,27.5735527273998,-0.87,0.87,153,-0.350192412020003,4
